<?xml version="1.0" encoding="UTF-8"?>
<templates id="template" xml:space="preserve">
    <t t-name="tk_hotel_management.BookingButton" t-inherit="point_of_sale.ControlButtons" t-inherit-mode="extension">
        <xpath expr="//t[@t-if='props.showRemainingButtons']/div/OrderlineNoteButton"  position="after">
<!--            <t t-if="pos.config.module_pos_restaurant">-->
                <!-- All buttons always displayed -->
                <button t-att-class="buttonClass"
                    t-att-disabled="!pos.get_order()?.get_orderlines()?.length"
                    t-on-click="SelectBooking">
                    <t t-esc="currentOrder.booking_id.booking_number" t-if="currentOrder.booking_id" />
                    <t t-else="">
                        Booking
                    </t>
                </button>
        </xpath>
    </t>
</templates>