<?xml version="1.0" encoding="utf-8"?>
<odoo>
    <data noupdate="0">
        <record id="hotel_night_invoice" model="ir.cron">
            <field name="name">Hotel Management : Invoice Posted every Night</field>
            <field name="model_id" ref="tk_hotel_management.model_hotel_room_details"/>
            <field name="state" eval="'code'"/>
            <field name="code" eval="'model.hotel_room_night_invoice()'"/>
            <field name="interval_number">1</field>
            <field name="interval_type">days</field>
            <field name="active" eval="True"/>
        </record>
    </data>
</odoo>

